rank,team,elo,power_rating,pass_off_pts,rush_off_pts,pass_def_pts,rush_def_pts,pass_off_epa,rush_off_epa,pass_def_epa,rush_def_epa,pressure_gen,pressure_allowed,qb_fault_sack_rate,blitz_faced,blitz_generated,qb,qb_rating,games
1,BAL,1612.0,4.48,1.72,2.03,0.44,0.29,0.0467,0.0806,-0.012,-0.0114,0.2169,0.2599,0.0887,0.3817,0.3817,00-0034796,0.1003,1
2,BUF,1595.3,3.81,3.8,0.68,0.58,-1.24,0.1032,0.0269,-0.0157,0.0492,0.2309,0.1564,0.2078,0.2733,0.2733,00-0034857,0.1522,1
3,SF,1588.4,3.53,2.38,1.12,0.01,0.03,0.0648,0.0443,-0.0002,-0.0011,0.178,0.1416,0.4766,0.2172,0.2172,00-0037834,0.1657,1
4,CHI,1579.8,3.19,1.81,2.13,-0.26,-0.49,0.0492,0.0847,0.0072,0.0193,0.1785,0.1369,0.3873,0.3321,0.3321,00-0039918,0.009,1
5,DET,1576.8,3.07,2.31,0.33,0.59,-0.16,0.0627,0.0131,-0.0161,0.0063,0.2472,0.2495,0.3278,0.3154,0.3154,00-0033106,0.1075,1
6,SEA,1575.9,3.04,0.82,-0.14,0.8,1.56,0.0222,-0.0055,-0.0217,-0.062,0.221,0.2204,0.1233,0.3568,0.3568,00-0035704,-0.0747,1
7,JAX,1562.4,2.5,2.03,0.01,0.49,-0.03,0.0552,0.0004,-0.0132,0.0013,0.2557,0.1785,0.1953,0.2686,0.2686,00-0036971,0.0024,1
8,PHI,1555.2,2.21,0.81,0.01,0.96,0.43,0.022,0.0005,-0.026,-0.017,0.196,0.1689,0.4377,0.3471,0.3471,00-0036389,0.0724,1
9,NE,1553.0,2.12,2.99,-0.97,0.04,0.06,0.0812,-0.0385,-0.0012,-0.0023,0.2792,0.1822,0.2489,0.2807,0.2807,00-0039851,0.1318,1
10,LA,1550.2,2.01,1.56,0.65,0.41,-0.61,0.0425,0.0256,-0.0111,0.0242,0.2375,0.1805,0.474,0.2104,0.2104,00-0026498,0.0669,1
11,KC,1545.6,1.83,-0.09,0.91,0.73,0.28,-0.0026,0.0363,-0.0198,-0.0109,0.2514,0.3087,0.3019,0.2495,0.2495,00-0033873,0.1183,1
12,GB,1540.7,1.63,2.55,-1.0,-0.12,0.2,0.0694,-0.0397,0.0032,-0.0078,0.2221,0.3254,0.0979,0.4599,0.4599,00-0036264,0.1356,1
13,HOU,1538.6,1.54,0.02,-0.27,0.79,1.0,0.0005,-0.0107,-0.0215,-0.0398,0.1816,0.1587,0.4159,0.3417,0.3417,00-0039163,0.0155,1
14,DEN,1511.9,0.48,-0.27,-0.09,1.23,-0.4,-0.0074,-0.0034,-0.0335,0.0158,0.2716,0.2106,0.2638,0.2832,0.2832,00-0039732,0.0335,1
15,DAL,1501.7,0.07,1.81,0.47,-1.34,-0.87,0.0491,0.0185,0.0364,0.0344,0.2299,0.1586,0.838,0.2899,0.2899,00-0033077,0.0839,1
16,MIN,1492.7,-0.29,-2.54,-0.1,1.46,0.88,-0.069,-0.0041,-0.0398,-0.0351,0.4046,0.3277,0.4831,0.3182,0.3182,00-0032950,-0.0749,1
17,TB,1492.1,-0.32,-0.56,0.04,-0.28,0.48,-0.0151,0.0016,0.0076,-0.0189,0.167,0.1927,0.6951,0.3024,0.3024,00-0034855,0.0063,1
18,ARI,1490.1,-0.4,0.38,0.02,-0.74,-0.05,0.0102,0.0007,0.0201,0.002,0.1525,0.2532,0.5393,0.1952,0.1952,00-0033119,-0.0534,1
19,NYG,1488.1,-0.48,0.65,0.47,-0.32,-1.28,0.0177,0.0188,0.0088,0.0509,0.1965,0.2835,0.184,0.2842,0.2842,00-0040691,0.0178,1
20,PIT,1480.0,-0.8,-1.54,0.17,0.46,0.12,-0.0419,0.0067,-0.0124,-0.0046,0.2752,0.1482,0.2946,0.1982,0.1982,00-0023459,-0.0002,1
21,IND,1478.3,-0.87,-1.52,1.48,-0.62,-0.22,-0.0413,0.0588,0.0168,0.0086,0.1372,0.2128,0.1289,0.2603,0.2603,00-0035710,-0.0493,1
22,WAS,1474.7,-1.01,0.52,0.43,-1.16,-0.8,0.014,0.0172,0.0315,0.0318,0.2226,0.1702,0.2705,0.3231,0.3231,00-0039910,0.0498,1
23,LAC,1469.7,-1.21,-1.45,-0.76,0.55,0.45,-0.0393,-0.0303,-0.0148,-0.018,0.1947,0.25,0.6326,0.2848,0.2848,00-0036355,0.0293,1
24,CIN,1461.8,-1.53,-0.59,0.9,-0.67,-1.16,-0.0161,0.0355,0.0182,0.0461,0.3069,0.1814,0.4251,0.2851,0.2851,00-0036442,0.0754,1
25,ATL,1455.7,-1.77,-2.05,0.08,0.25,-0.05,-0.0556,0.003,-0.0068,0.002,0.1994,0.2774,0.2554,0.2313,0.2313,00-0033662,-0.1599,1
26,NO,1453.1,-1.87,-1.78,-0.74,0.45,0.19,-0.0483,-0.0292,-0.0122,-0.0076,0.25,0.2135,0.1478,0.2648,0.2648,00-0040743,-0.0709,1
27,MIA,1429.0,-2.84,-1.36,-0.31,-0.75,-0.41,-0.037,-0.0124,0.0205,0.0162,0.1381,0.2975,0.4281,0.2673,0.2673,00-0038128,-0.0683,1
28,CAR,1419.9,-3.2,-0.56,-0.12,-1.07,-1.45,-0.0153,-0.0049,0.029,0.0574,0.1612,0.1586,0.3289,0.297,0.297,00-0039150,-0.0909,1
29,NYJ,1398.8,-4.05,-2.7,-0.25,-1.04,-0.06,-0.0734,-0.0097,0.0284,0.0023,0.1317,0.1897,0.6029,0.3096,0.3096,00-0030565,-0.0496,1
30,LV,1367.7,-5.29,-3.44,-2.21,-0.25,0.61,-0.0936,-0.0877,0.0068,-0.0243,0.3098,0.2369,0.2672,0.3049,0.3049,00-0029604,0.0057,1
31,CLE,1366.5,-5.34,-5.78,-0.38,0.83,-0.01,-0.1571,-0.0152,-0.0225,0.0003,0.2127,0.3825,0.2959,0.2742,0.2742,00-0033537,-0.1455,1
32,TEN,1358.3,-5.67,-4.17,0.01,-1.15,-0.36,-0.1132,0.0003,0.0314,0.0141,0.1546,0.2034,0.684,0.3209,0.3209,00-0040676,-0.1846,1
