game_id,gameday,away,home,proj_home_margin,my_line,key_number,home_qb,away_qb,base,hfa,rest,pressure,down_leverage,coach,qb,qb_fault_sack,blitz,injuries
2026_02_CAR_ATL,2026-09-20,CAR,ATL,4.04,ATL -4.0,ON 4,Tua Tagovailoa,Bryce Young,1.43,1.5,0.0,-0.81,0.08,-0.0,2.08,-0.0,0.0,-0.25
2026_02_NO_BAL,2026-09-20,NO,BAL,6.29,BAL -6.3,near 7,Lamar Jackson,Tyler Shough,6.35,1.5,0.0,-0.79,-0.03,-0.0,0.0,-0.0,-0.0,-0.74
2026_02_MIN_CHI,2026-09-20,MIN,CHI,5.12,CHI -5.1,,Caleb Williams,Carson Wentz,3.48,1.5,0.0,-0.35,-0.01,0.0,0.0,-0.0,0.0,0.5
2026_02_CIN_HOU,2026-09-20,CIN,HOU,2.35,HOU -2.3,near 3,C.J. Stroud,Joe Burrow,3.07,1.5,0.0,-1.03,-0.03,-0.0,0.0,0.0,0.0,-1.17
2026_02_PIT_NE,2026-09-20,PIT,NE,4.54,NE -4.5,near 4,Drake Maye,Aaron Rodgers,2.92,1.5,0.36,-0.3,0.04,-0.0,0.0,0.0,-0.0,0.02
2026_02_GB_NYJ,2026-09-20,GB,NYJ,-4.31,GB -4.3,near 4,Geno Smith,Jordan Love,-5.67,1.5,0.0,0.45,0.05,0.0,0.0,0.0,0.0,-0.63
2026_02_CLE_TB,2026-09-20,CLE,TB,8.09,TB -8.1,,Baker Mayfield,Deshaun Watson,5.02,1.5,0.0,1.44,-0.06,0.0,0.0,-0.0,0.0,0.18
2026_02_PHI_TEN,2026-09-20,PHI,TEN,-6.99,PHI -7.0,ON 7,Cam Ward,Jalen Hurts,-7.88,1.5,0.0,-0.76,0.11,0.0,0.0,0.0,0.0,0.03
2026_02_JAX_DEN,2026-09-20,JAX,DEN,-1.35,JAX -1.3,,Bo Nix,Trevor Lawrence,-2.02,1.5,-0.09,-0.16,-0.06,0.0,0.0,-0.0,-0.0,-0.51
2026_02_LV_LAC,2026-09-20,LV,LAC,4.31,LAC -4.3,near 4,Justin Herbert,Kirk Cousins,4.08,1.5,0.0,-1.28,0.05,0.0,0.0,0.0,0.0,-0.04
2026_02_SEA_ARI,2026-09-20,SEA,ARI,-3.65,SEA -3.6,near 3,Jacoby Brissett,Drew Lock,-3.43,1.5,-0.36,-1.01,0.0,0.0,0.0,-0.0,0.0,-0.34
2026_02_WAS_DAL,2026-09-20,WAS,DAL,2.85,DAL -2.8,ON 3,Dak Prescott,Jayden Daniels,1.08,1.5,0.0,0.19,-0.05,0.0,0.0,0.0,0.0,0.13
2026_02_MIA_SF,2026-09-20,MIA,SF,10.13,SF -10.1,ON 10,Brock Purdy,Malik Willis,6.37,1.5,0.27,1.96,-0.02,0.0,0.0,0.0,0.0,0.06
2026_02_IND_KC,2026-09-20,IND,KC,4.0,KC -4.0,ON 4,Patrick Mahomes,Daniel Jones,2.7,1.5,-0.09,0.18,0.04,0.0,0.0,-0.0,-0.0,-0.32
2026_02_NYG_LA,2026-09-21,NYG,LA,5.91,LA -5.9,ON 6,Matthew Stafford,Jaxson Dart,2.49,1.5,0.27,1.44,0.22,0.0,0.0,0.0,0.0,0.0
